{"assets/image/1152x1152_sc_on_black.png":["assets/image/1152x1152_sc_on_black.png"],"assets/image/1152x1152_sc_on_white.png":["assets/image/1152x1152_sc_on_white.png"],"assets/image/960x960_sc_black.png":["assets/image/960x960_sc_black.png"],"assets/image/960x960_sc_white.png":["assets/image/960x960_sc_white.png"],"assets/image/btc.png":["assets/image/btc.png"],"assets/image/g.png":["assets/image/g.png"],"assets/image/mrt_wallet.png":["assets/image/mrt_wallet.png"],"assets/image/t.png":["assets/image/t.png"],"packages/cupertino_icons/assets/CupertinoIcons.ttf":["packages/cupertino_icons/assets/CupertinoIcons.ttf"]}